Segment,CustomerID,Monetary,Frequency,Recency
Others,2621,1318.8589710034337,4.06600534147272,61.79244563143838
Lost Customer,875,445.44916685714287,1.7577142857142858,269.20914285714287
Potential Loyalist,451,1151.209423503326,3.470066518847007,6.146341463414634
Champion,343,11062.997055393587,22.346938775510203,5.0
Loyal Customer,82,1441.690243902439,9.329268292682928,5.2073170731707314
